{"graph": {"_type": "graph-file", "path": "media/graph/graph_summary_5d75ca3e.graph.json", "sha256": "5d75ca3e2d1e402e356160d03399666291edae302d9b5f1db4aeb7c050275f3a", "size": 284421}, "epoch": 133, "loss": 0.3815765678882599, "accuracy": 0.9097772836685181, "f1_score": 0.8987403512001038, "val_loss": 0.4518705904483795, "val_accuracy": 0.8929110169410706, "val_f1_score": 0.8797363638877869, "lr": 0.0009343157871626318, "_step": 433, "_runtime": 2537, "_timestamp": 1633893339, "best_val_loss": 0.4518705904483795, "best_epoch": 0}