{"graph": {"_type": "graph-file", "path": "media/graph/graph_summary_500db1fc.graph.json", "sha256": "500db1fc3a64faeb233294e1bb09f4b2082504c3b4636b870e06ce45d2080bf7", "size": 284421}, "epoch": 0, "loss": 0.4545460641384125, "accuracy": 0.9112873077392578, "f1_score": 0.8981700539588928, "val_loss": 0.818691611289978, "val_accuracy": 0.8612368106842041, "val_f1_score": 0.8547903299331665, "_step": 0, "_runtime": 56, "_timestamp": 1633979578, "best_val_loss": 0.818691611289978, "best_epoch": 0}