{"graph": {"_type": "graph-file", "path": "media/graph/graph_summary_5d75ca3e.graph.json", "sha256": "5d75ca3e2d1e402e356160d03399666291edae302d9b5f1db4aeb7c050275f3a", "size": 284421}, "epoch": 24, "loss": 0.41202157735824585, "accuracy": 0.8981131911277771, "f1_score": 0.8852450847625732, "val_loss": 0.43508946895599365, "val_accuracy": 0.9108761548995972, "val_f1_score": 0.8995903730392456, "_step": 142, "_runtime": 1090, "_timestamp": 1633857745, "best_val_loss": 0.43508946895599365, "best_epoch": 0}