{"graph": {"_type": "graph-file", "path": "media/graph/graph_summary_500db1fc.graph.json", "sha256": "500db1fc3a64faeb233294e1bb09f4b2082504c3b4636b870e06ce45d2080bf7", "size": 284421}, "epoch": 0, "loss": 0.4346012771129608, "accuracy": 0.9082672595977783, "f1_score": 0.8958097696304321, "val_loss": 0.8065817356109619, "val_accuracy": 0.8642534017562866, "val_f1_score": 0.8575917482376099, "_step": 0, "_runtime": 59, "_timestamp": 1633978571, "best_val_loss": 0.8065817356109619, "best_epoch": 0}