{"graph": {"_type": "graph-file", "path": "media/graph/graph_summary_5cf05072.graph.json", "sha256": "5cf05072d5e957f1dd528ae0e9ef9eee4f42481bc62779f4cb3ac209aa76ba5c", "size": 293123}, "epoch": 149, "loss": 0.017637675628066063, "accuracy": 0.9944461584091187, "f1_score": 0.9944459199905396, "val_loss": 0.43637874722480774, "val_accuracy": 0.8993464112281799, "val_f1_score": 0.8683319091796875, "lr": 2.467334297762136e-06, "_step": 149, "_runtime": 25134, "_timestamp": 1634210615, "best_val_loss": 0.3900977075099945, "best_epoch": 128}