{"graph": {"_type": "graph-file", "path": "media/graph/graph_summary_500db1fc.graph.json", "sha256": "500db1fc3a64faeb233294e1bb09f4b2082504c3b4636b870e06ce45d2080bf7", "size": 284421}, "epoch": 28, "loss": 0.6505662202835083, "accuracy": 0.8830188512802124, "f1_score": 0.8740578889846802, "val_loss": 0.7678642868995667, "val_accuracy": 0.883685827255249, "val_f1_score": 0.8749819993972778, "_step": 202, "_runtime": 1693, "_timestamp": 1634029154, "best_val_loss": 0.674594521522522, "best_epoch": 0}