{"graph": {"_type": "graph-file", "path": "media/graph/graph_summary_500db1fc.graph.json", "sha256": "500db1fc3a64faeb233294e1bb09f4b2082504c3b4636b870e06ce45d2080bf7", "size": 284421}, "epoch": 149, "loss": 0.0009184410446323454, "accuracy": 0.9997845888137817, "f1_score": 0.9997845888137817, "val_loss": 1.0021125078201294, "val_accuracy": 0.9254902005195618, "val_f1_score": 0.8996133208274841, "lr": 2.467334297762136e-06, "_step": 149, "_runtime": 26222, "_timestamp": 1634011132, "best_val_loss": 0.5811837315559387, "best_epoch": 38}