{"graph": {"_type": "graph-file", "path": "media/graph/graph_summary_500db1fc.graph.json", "sha256": "500db1fc3a64faeb233294e1bb09f4b2082504c3b4636b870e06ce45d2080bf7", "size": 284421}, "epoch": 23, "loss": 0.48115864396095276, "accuracy": 0.9033962488174438, "f1_score": 0.8880409598350525, "val_loss": 0.6660404205322266, "val_accuracy": 0.8731117844581604, "val_f1_score": 0.8626896142959595, "_step": 114, "_runtime": 930, "_timestamp": 1633984645, "best_val_loss": 0.6337658166885376, "best_epoch": 7}