{"graph": {"_type": "graph-file", "path": "media/graph/graph_summary_500db1fc.graph.json", "sha256": "500db1fc3a64faeb233294e1bb09f4b2082504c3b4636b870e06ce45d2080bf7", "size": 284421}, "epoch": 0, "loss": 0.42145490646362305, "accuracy": 0.9146847724914551, "f1_score": 0.9012030363082886, "val_loss": 0.8053626418113708, "val_accuracy": 0.8657616972923279, "val_f1_score": 0.8585484027862549, "_step": 0, "_runtime": 60, "_timestamp": 1633979229, "best_val_loss": 0.8053626418113708, "best_epoch": 0}