{"graph": {"_type": "graph-file", "path": "media/graph/graph_summary_5cf05072.graph.json", "sha256": "5cf05072d5e957f1dd528ae0e9ef9eee4f42481bc62779f4cb3ac209aa76ba5c", "size": 293123}, "epoch": 0, "loss": 2.7324912548065186, "accuracy": 0.22139999270439148, "f1_score": 0.2092030793428421, "val_loss": 2.7596765490852135e+20, "val_accuracy": 0.013071895577013493, "val_f1_score": 0.003164849244058132, "lr": 0.009999999776482582, "_step": 0, "_runtime": 226, "_timestamp": 1634110932, "best_val_loss": 2.7596765490852135e+20, "best_epoch": 0}