{"graph": {"_type": "graph-file", "path": "media/graph/graph_summary_5cf05072.graph.json", "sha256": "5cf05072d5e957f1dd528ae0e9ef9eee4f42481bc62779f4cb3ac209aa76ba5c", "size": 293123}, "epoch": 0, "loss": 2.474048137664795, "accuracy": 0.31898462772369385, "f1_score": 0.30541855096817017, "val_loss": 1.011123227586649e+25, "val_accuracy": 0.10196078568696976, "val_f1_score": 0.02356567233800888, "lr": 0.009999999776482582, "_step": 0, "_runtime": 223, "_timestamp": 1634110150, "best_val_loss": 1.011123227586649e+25, "best_epoch": 0}