{"graph": {"_type": "graph-file", "path": "media/graph/graph_summary_500db1fc.graph.json", "sha256": "500db1fc3a64faeb233294e1bb09f4b2082504c3b4636b870e06ce45d2080bf7", "size": 284421}, "epoch": 0, "loss": 0.4340682625770569, "accuracy": 0.9124197959899902, "f1_score": 0.8973928093910217, "val_loss": 0.8128706216812134, "val_accuracy": 0.8627451062202454, "val_f1_score": 0.8561872243881226, "_step": 0, "_runtime": 60, "_timestamp": 1633979748, "best_val_loss": 0.8128706216812134, "best_epoch": 0}