{"graph": {"_type": "graph-file", "path": "media/graph/graph_summary_5d75ca3e.graph.json", "sha256": "5d75ca3e2d1e402e356160d03399666291edae302d9b5f1db4aeb7c050275f3a", "size": 284421}, "epoch": 299, "loss": 0.015987548977136612, "accuracy": 0.994717001914978, "f1_score": 0.993922233581543, "val_loss": 0.09811647981405258, "val_accuracy": 0.9848942756652832, "val_f1_score": 0.9847984313964844, "lr": 6.1690812458437e-08, "_step": 1499, "_runtime": 22274, "_timestamp": 1633915742, "best_val_loss": 0.03861449658870697, "best_epoch": 229}