{"graph": {"_type": "graph-file", "path": "media/graph/graph_summary_5cf05072.graph.json", "sha256": "5cf05072d5e957f1dd528ae0e9ef9eee4f42481bc62779f4cb3ac209aa76ba5c", "size": 293123}, "epoch": 0, "loss": 2.7382187843322754, "accuracy": 0.2735692262649536, "f1_score": 0.2682971656322479, "val_loss": 2.3251896378589184e+17, "val_accuracy": 0.07058823853731155, "val_f1_score": 0.01392156258225441, "lr": 0.009999999776482582, "_step": 0, "_runtime": 217, "_timestamp": 1634110921, "best_val_loss": 2.3251896378589184e+17, "best_epoch": 0}