{"graph": {"_type": "graph-file", "path": "media/graph/graph_summary_5cf05072.graph.json", "sha256": "5cf05072d5e957f1dd528ae0e9ef9eee4f42481bc62779f4cb3ac209aa76ba5c", "size": 293123}, "epoch": 149, "loss": 0.0055715846829116344, "accuracy": 0.9982923269271851, "f1_score": 0.9982923865318298, "val_loss": 0.5830188393592834, "val_accuracy": 0.8993464112281799, "val_f1_score": 0.8656256198883057, "lr": 2.467334297762136e-06, "_step": 149, "_runtime": 24648, "_timestamp": 1634142398, "best_val_loss": 0.43432193994522095, "best_epoch": 115}